<?xml version="1.0" encoding="UTF-8"?>
<project-private xmlns="http://www.netbeans.org/ns/project-private/1">
    <editor-bookmarks xmlns="http://www.netbeans.org/ns/editor-bookmarks/2" lastBookmarkId="0"/>
    <open-files xmlns="http://www.netbeans.org/ns/projectui-open-files/2">
        <group>
            <file>file:/C:/Users/neal.yvard/Desktop/java/TpChallengeXML/src/modele/Coureurs.java</file>
            <file>file:/C:/Users/neal.yvard/Desktop/java/TpChallengeXML/src/modele/Gestionnaire.java</file>
            <file>file:/C:/Users/neal.yvard/Desktop/java/TpChallengeXML/src/controllers/Fen_ListeController.java</file>
            <file>file:/C:/Users/neal.yvard/Desktop/java/TpChallengeXML/src/tpchallengexml/TpChallengeXML.java</file>
            <file>file:/C:/Users/neal.yvard/Desktop/java/TpChallengeXML/src/vues/Fen_Liste.fxml</file>
            <file>file:/C:/Users/neal.yvard/Desktop/java/TpChallengeXML/src/modele/Courses.java</file>
        </group>
    </open-files>
</project-private>
